{
  "4": {
    "strict_accuracies": [
      1.0,
      0.0,
      0.0,
      1.0,
      1.0,
      1.0,
      0.0,
      0.0,
      1.0,
      1.0,
      0.0,
      0.0,
      0.0,
      0.0,
      0.0,
      1.0,
      0.0,
      0.0,
      1.0,
      0.0,
      0.0,
      1.0,
      0.0,
      1.0,
      1.0,
      0.0,
      1.0,
      1.0,
      0.0,
      0.0,
      0.0,
      0.0,
      1.0,
      0.0,
      1.0,
      0.0,
      1.0,
      1.0,
      1.0,
      1.0,
      1.0,
      0.0,
      0.0,
      0.0,
      0.0,
      0.0,
      0.0,
      1.0,
      1.0,
      0.0
    ],
    "smooth_accuracies": [
      1.0,
      0.25,
      0.5,
      1.0,
      1.0,
      1.0,
      0.75,
      0.5,
      1.0,
      1.0,
      0.25,
      0.25,
      0.25,
      0.5,
      0.5,
      1.0,
      0.25,
      0.75,
      1.0,
      0.5,
      0.5,
      1.0,
      0.25,
      1.0,
      1.0,
      0.75,
      1.0,
      1.0,
      0.75,
      0.5,
      0.5,
      0.75,
      1.0,
      0.5,
      1.0,
      0.25,
      1.0,
      1.0,
      1.0,
      1.0,
      1.0,
      0.5,
      0.25,
      0.75,
      0.5,
      0.5,
      0.5,
      1.0,
      1.0,
      0.5
    ],
    "num_games": 50,
    "strict_mean": 0.44,
    "smooth_mean": 0.71
  },
  "6": {
    "strict_accuracies": [
      0.0,
      1.0,
      1.0,
      0.0,
      0.0,
      1.0,
      1.0,
      0.0,
      0.0,
      0.0,
      0.0,
      0.0,
      1.0,
      0.0,
      1.0,
      1.0,
      0.0,
      0.0,
      1.0,
      1.0,
      1.0,
      0.0,
      0.0,
      0.0,
      0.0,
      0.0,
      0.0,
      0.0,
      0.0,
      1.0,
      1.0,
      0.0,
      0.0,
      1.0,
      1.0,
      0.0,
      0.0,
      0.0,
      0.0,
      1.0,
      1.0,
      1.0,
      1.0,
      1.0,
      1.0,
      0.0,
      0.0,
      1.0,
      1.0,
      1.0
    ],
    "smooth_accuracies": [
      0.5,
      1.0,
      1.0,
      0.5,
      0.3333333333333333,
      1.0,
      1.0,
      0.8333333333333334,
      0.5,
      0.6666666666666666,
      0.3333333333333333,
      0.5,
      1.0,
      0.3333333333333333,
      1.0,
      1.0,
      0.6666666666666666,
      0.5,
      1.0,
      1.0,
      1.0,
      0.6666666666666666,
      0.5,
      0.5,
      0.6666666666666666,
      0.5,
      0.6666666666666666,
      0.5,
      0.6666666666666666,
      1.0,
      1.0,
      0.6666666666666666,
      0.5,
      1.0,
      1.0,
      0.3333333333333333,
      0.16666666666666666,
      0.6666666666666666,
      0.3333333333333333,
      1.0,
      1.0,
      1.0,
      1.0,
      1.0,
      1.0,
      0.3333333333333333,
      0.6666666666666666,
      1.0,
      1.0,
      1.0
    ],
    "num_games": 50,
    "strict_mean": 0.46,
    "smooth_mean": 0.7400000000000001
  },
  "8": {
    "strict_accuracies": [
      0.0,
      0.0,
      0.0,
      1.0,
      0.0,
      1.0,
      0.0,
      0.0,
      1.0,
      0.0,
      1.0,
      0.0,
      0.0,
      0.0,
      0.0,
      0.0,
      1.0,
      0.0,
      0.0,
      0.0,
      0.0,
      0.0,
      0.0,
      0.0,
      0.0,
      1.0,
      1.0,
      1.0,
      1.0,
      1.0,
      0.0,
      0.0,
      0.0,
      0.0,
      0.0,
      0.0,
      0.0,
      0.0,
      0.0,
      0.0,
      0.0,
      0.0,
      0.0,
      0.0,
      0.0,
      0.0,
      0.0,
      0.0,
      0.0,
      0.0
    ],
    "smooth_accuracies": [
      0.625,
      0.5,
      0.375,
      1.0,
      0.5,
      1.0,
      0.25,
      0.625,
      1.0,
      0.625,
      1.0,
      0.375,
      0.5,
      0.5,
      0.75,
      0.25,
      1.0,
      0.5,
      0.0,
      0.0,
      0.25,
      0.125,
      0.25,
      0.5,
      0.625,
      1.0,
      1.0,
      1.0,
      1.0,
      1.0,
      0.75,
      0.625,
      0.375,
      0.5,
      0.5,
      0.375,
      0.25,
      0.75,
      0.25,
      0.5,
      0.75,
      0.5,
      0.875,
      0.625,
      0.0,
      0.5,
      0.75,
      0.375,
      0.5,
      0.625
    ],
    "num_games": 50,
    "strict_mean": 0.2,
    "smooth_mean": 0.57
  }
}